{
  "baseline_average_score": 0.45689864118189716,
  "trained_average_score": 0.5138662053717308,
  "improvement": 0.05696756418983362
}