{
  "baseline_score": 0.32058871993593147,
  "trained_score": 0.43160572147479004,
  "improvement": 0.11101700153885857,
  "baseline_consistency": 0.8017703815696539,
  "trained_consistency": 0.7934466017027008,
  "baseline_series": [
    0.4335053552255565,
    0.38333333333333336,
    0.3248784722222222,
    0.40179295085719235,
    0.2594444444444444,
    0.3,
    0.24979238007845492,
    0.3416666666666667,
    0.3613461538461539,
    0.28616584288604413,
    0.3625,
    0.2857051282051282,
    0.34586597150895426,
    0.3,
    0.32804347826086955,
    0.2522024380955302,
    0.31923076923076926,
    0.35688888888888887,
    0.37087002759022886,
    0.32028985507246377,
    0.3169683908045977,
    0.20486414358446772,
    0.31666666666666665,
    0.39471014492753626,
    0.2711506820460062,
    0.22962962962962963,
    0.3761764705882353,
    0.19465513159972134,
    0.40984848484848485,
    0.31946969696969696
  ],
  "trained_series": [
    0.5215207102899627,
    0.3682539682539682,
    0.3824483682983683,
    0.5627929508571924,
    0.3639607119517165,
    0.39724358974358975,
    0.4379597534962911,
    0.42935848913758734,
    0.43746913580246916,
    0.5033883560941459,
    0.35472116133827214,
    0.43243055555555554,
    0.4718000450864096,
    0.4292837239093831,
    0.4248076923076923,
    0.439415736389218,
    0.4671181965992577,
    0.37472222222222223,
    0.5115399622307517,
    0.41083333333333333,
    0.397481884057971,
    0.39196841036133573,
    0.35434782608695653,
    0.3997727272727273,
    0.46519882533429474,
    0.39935506332680165,
    0.3755833333333333,
    0.5143246306039498,
    0.4285630345921328,
    0.5005072463768115
  ]
}