{
  "baseline_score": 0.4512635322705598,
  "trained_score": 0.5157974934087526,
  "improvement": 0.06453396113819276,
  "baseline_series": [
    0.44277726838769627,
    0.5014285714285714,
    0.4582035641743522,
    0.5799741049548742,
    0.40501642036124796,
    0.4562312440645774,
    0.41238337413033865,
    0.4049166666666667,
    0.44683974358974354,
    0.4473870569176055,
    0.4652579365079365,
    0.462904358974359,
    0.40901883067065403,
    0.41947179487179487,
    0.46886923076923076,
    0.4167194649709033,
    0.5361437908496732,
    0.38110262725779964,
    0.4454928435575062,
    0.46513175230566534
  ],
  "trained_series": [
    0.5941500253440135,
    0.47578571428571426,
    0.5014739688904091,
    0.6549279644074536,
    0.44028665886836804,
    0.5666338383838384,
    0.4897526978286473,
    0.4761948440444874,
    0.4763803418803419,
    0.527624193986175,
    0.44962960881531944,
    0.5166585144927537,
    0.5630315180499864,
    0.47599580406509756,
    0.5158722222222223,
    0.5404162167534912,
    0.5340459161119201,
    0.44485612535612534,
    0.5453038698272831,
    0.5269298245614035
  ]
}