{
  "before_baseline_avg_reward": 0.2961998144415463,
  "after_training_avg_reward": 0.43150993603417703,
  "improvement": 0.13531012159263073,
  "before_baseline_consistency": 0.8104613105744218,
  "after_training_consistency": 0.793397902058077,
  "training_note": "After-training policy learned from high-reward filtered trajectories (PPO-style objective proxy)."
}